<annotation>
  <folder>train</folder>
  <filename>cats_028</filename>
  <path>cats_028.jpg</path>
  <source>
    <database>Unknown</database>
  </source>
  <size>
    <width>474</width>
    <height>296</height>
    <depth>3</depth>
  </size>
  <segmented>0</segmented>
  <object>
    <name>cat</name>
    <pose>Unspecified</pose>
    <truncated>0</truncated>
    <difficult>0</difficult>
    <bndbox>
      <xmin>123</xmin>
      <ymin>1</ymin>
      <xmax>432</xmax>
      <ymax>296</ymax>
    </bndbox>
  </object>
</annotation>