<annotation>
  <folder>train</folder>
  <filename>monkeys_073</filename>
  <path>monkeys_073.jpg</path>
  <source>
    <database>Unknown</database>
  </source>
  <size>
    <width>474</width>
    <height>327</height>
    <depth>3</depth>
  </size>
  <segmented>0</segmented>
  <object>
    <name>monkey</name>
    <pose>Unspecified</pose>
    <truncated>0</truncated>
    <difficult>0</difficult>
    <bndbox>
      <xmin>15</xmin>
      <ymin>27</ymin>
      <xmax>365</xmax>
      <ymax>302</ymax>
    </bndbox>
  </object>
</annotation>