<annotation>
  <folder>train</folder>
  <filename>monkeys_070</filename>
  <path>monkeys_070.jpg</path>
  <source>
    <database>Unknown</database>
  </source>
  <size>
    <width>474</width>
    <height>266</height>
    <depth>3</depth>
  </size>
  <segmented>0</segmented>
  <object>
    <name>monkey</name>
    <pose>Unspecified</pose>
    <truncated>0</truncated>
    <difficult>0</difficult>
    <bndbox>
      <xmin>44</xmin>
      <ymin>6</ymin>
      <xmax>315</xmax>
      <ymax>263</ymax>
    </bndbox>
  </object>
</annotation>