<annotation>
  <folder>train</folder>
  <filename>monkeys_071</filename>
  <path>monkeys_071.jpg</path>
  <source>
    <database>Unknown</database>
  </source>
  <size>
    <width>474</width>
    <height>357</height>
    <depth>3</depth>
  </size>
  <segmented>0</segmented>
  <object>
    <name>monkey</name>
    <pose>Unspecified</pose>
    <truncated>0</truncated>
    <difficult>0</difficult>
    <bndbox>
      <xmin>32</xmin>
      <ymin>104</ymin>
      <xmax>474</xmax>
      <ymax>319</ymax>
    </bndbox>
  </object>
  <object>
    <name>monkey</name>
    <pose>Unspecified</pose>
    <truncated>0</truncated>
    <difficult>0</difficult>
    <bndbox>
      <xmin>146</xmin>
      <ymin>47</ymin>
      <xmax>473</xmax>
      <ymax>278</ymax>
    </bndbox>
  </object>
</annotation>